;Manaus;TT_Prba
01/10/2014;2341;2365,5
02/10/2014;2324;2349
03/10/2014;2309;2333
04/10/2014;2293;2316,5
05/10/2014;2277;2300,5
06/10/2014;2260;2284,5
07/10/2014;2242;2267,5
08/10/2014;2224;2250
09/10/2014;2201;2233,5
10/10/2014;2182;2216,5
11/10/2014;2168;2198,5
12/10/2014;2154;2183
13/10/2014;2139;2166
14/10/2014;2127;2153
15/10/2014;2109;2138
16/10/2014;2092;2124,5
17/10/2014;2072;2109,5
18/10/2014;2062;2095,5
19/10/2014;2052;2083
20/10/2014;2043;2069,5
21/10/2014;2030;2054,5
22/10/2014;2022;2048,5
23/10/2014;2011;2037
24/10/2014;2006;2031
25/10/2014;2001;2024,5
26/10/2014;1997;2022
27/10/2014;1993;2019,5
28/10/2014;1990;2020,5
29/10/2014;1990;2020
30/10/2014;1991;2020
31/10/2014;1994;2020
01/11/2014;1995;2021,5
02/11/2014;1996;2022
03/11/2014;1996;2022,5
04/11/2014;1998;2024
05/11/2014;2000;2024,5
06/11/2014;2003;2027
07/11/2014;2007;2028,5
08/11/2014;2009;2029,5
09/11/2014;2010;2029,5
10/11/2014;2011;2032,5
11/11/2014;2012;2035
12/11/2014;2013;2036
13/11/2014;2014;2036
14/11/2014;2014;2037
15/11/2014;2015;2038,5
16/11/2014;2016;2042
17/11/2014;2018;2043,5
18/11/2014;2020;2044,5
19/11/2014;2021;2045,5
20/11/2014;2022;2048
21/11/2014;2024;2050,5
22/11/2014;2026;2051,5
23/11/2014;2028;2055
24/11/2014;2031;2058,5
25/11/2014;2034;2061
26/11/2014;2037;2065
27/11/2014;2041;2068,5
28/11/2014;2045;2076
29/11/2014;2051;2082,5
30/11/2014;2057;2088,5
01/12/2014;2065;2096
02/12/2014;2071;2099
03/12/2014;2078;2104
04/12/2014;2084;2108,5
05/12/2014;2091;2113
06/12/2014;2097;2117,5
07/12/2014;2103;2122,5
08/12/2014;2108;2126
09/12/2014;2113;2129
10/12/2014;2117;2133
11/12/2014;2120;2141,5
12/12/2014;2124;2145
13/12/2014;2127;2148,5
14/12/2014;2129;2151
15/12/2014;2131;2152
16/12/2014;2133;2154
17/12/2014;2134;2155,5
18/12/2014;2135;2157,5
19/12/2014;2137;2158,5
20/12/2014;2139;2163
21/12/2014;2140;2165
22/12/2014;2141;2166
23/12/2014;2145;2166,5
24/12/2014;2146;2168
25/12/2014;2148;2169,5
26/12/2014;2150;2172,5
27/12/2014;2154;2176
28/12/2014;2158;2179
29/12/2014;2163;2180,5
30/12/2014;2167;2182,5
31/12/2014;2169;2185
01/01/2015;2171;2188
02/01/2015;2174;2189
03/01/2015;2175;2192,5
04/01/2015;2177;2194
05/01/2015;2179;2198
06/01/2015;2181;2201,5
07/01/2015;2185;2205
08/01/2015;2189;2210
09/01/2015;2194;2217
10/01/2015;2198;2220,5
11/01/2015;2203;2227
12/01/2015;2208;2232
13/01/2015;2213;2240
14/01/2015;2220;2246
15/01/2015;2227;2251,5
16/01/2015;2232;2258
17/01/2015;2240;2263
18/01/2015;2248;2268
19/01/2015;2257;2274
20/01/2015;2268;2282
21/01/2015;2281;2289
22/01/2015;2289;2296
23/01/2015;2297;2305
24/01/2015;2303;2315
25/01/2015;2309;2323,5
26/01/2015;2316;2332
27/01/2015;2323;2339
28/01/2015;2329;2347,5
29/01/2015;2335;2354,5
30/01/2015;2340;2361
31/01/2015;2345;2367,5
01/02/2015;2351;2376
02/02/2015;2357;2385
03/02/2015;2365;2395
04/02/2015;2372;2401,5
05/02/2015;2380;2409,5
06/02/2015;2389;2415,5
07/02/2015;2394;2422
08/02/2015;2399;2428
09/02/2015;2405;2432
10/02/2015;2412;2437
11/02/2015;2418;2443
12/02/2015;2422;2449
13/02/2015;2427;2453,5
14/02/2015;2432;2459
15/02/2015;2437;2465
16/02/2015;2443;2469
17/02/2015;2449;2473
18/02/2015;2456;2477
19/02/2015;2461;2480,5
20/02/2015;2465;2483,5
21/02/2015;2469;2486,5
22/02/2015;2472;2490
23/02/2015;2475;2497
24/02/2015;2479;2502
25/02/2015;2483;2506
26/02/2015;2488;2510
27/02/2015;2493;2514
28/02/2015;2496;2518
01/03/2015;2499;2522
02/03/2015;2503;2527
03/03/2015;2506;2531,5
04/03/2015;2510;2536,5
05/03/2015;2516;2541,5
06/03/2015;2521;2544,5
07/03/2015;2525;2551
08/03/2015;2530;2555,5
09/03/2015;2535;2559,5
10/03/2015;2540;2564,5
11/03/2015;2545;2570,5
12/03/2015;2549;2574,5
13/03/2015;2555;2579
14/03/2015;2560;2583,5
15/03/2015;2565;2590
16/03/2015;2571;2595,5
17/03/2015;2577;2601
18/03/2015;2583;2608
19/03/2015;2589;2614
20/03/2015;2596;2622
21/03/2015;2603;2631
22/03/2015;2610;2637
23/03/2015;2618;2645
24/03/2015;2627;2654,5
25/03/2015;2635;2661,5
26/03/2015;2642;2668
27/03/2015;2649;2674
28/03/2015;2655;2680,5
29/03/2015;2661;2687,5
30/03/2015;2668;2696,5
31/03/2015;2676;2704
01/04/2015;2682;2710,5
02/04/2015;2690;2716
03/04/2015;2695;2721,5
04/04/2015;2700;2727
05/04/2015;2705;2731,5
06/04/2015;2711;2738,5
07/04/2015;2714;2740
08/04/2015;2718;2745,5
09/04/2015;2724;2749,5
10/04/2015;2729;2755
11/04/2015;2733;2759,5
12/04/2015;2738;2764
13/04/2015;2743;2769
14/04/2015;2749;2773,5
15/04/2015;2752;2776
16/04/2015;2753;2779,5
17/04/2015;2756;2783
18/04/2015;2759;2786,5
19/04/2015;2762;2789,5
20/04/2015;2766;2793
21/04/2015;2768;2795
22/04/2015;2770;2797,5
23/04/2015;2774;2800
24/04/2015;2777;2803,5
25/04/2015;2780;2807
26/04/2015;2784;2811,5
27/04/2015;2788;2815
28/04/2015;2793;2820
29/04/2015;2797;2827,5
30/04/2015;2803;2832,5
01/05/2015;2809;2840
02/05/2015;2815;2846
03/05/2015;2821;2852,5
04/05/2015;2828;2857
05/05/2015;2835;2863
06/05/2015;2841;2870
07/05/2015;2848;2877
08/05/2015;2855;2881
09/05/2015;2860;2886,5
10/05/2015;2864;2891,5
11/05/2015;2868;2896,5
12/05/2015;2873;2900,5
13/05/2015;2875;2903
14/05/2015;2878;2906,5
15/05/2015;2882;2909
16/05/2015;2886;2913
17/05/2015;2889;2915,5
18/05/2015;2892;2919,5
19/05/2015;2897;2927
20/05/2015;2901;2930,5
21/05/2015;2904;2933,5
22/05/2015;2907;2936
23/05/2015;2911;2939
24/05/2015;2915;2943
25/05/2015;2918;2947
26/05/2015;2921;2949,5
27/05/2015;2924;2953,5
28/05/2015;2928;2956,5
29/05/2015;2931;2959
30/05/2015;2933;2962
31/05/2015;2936;2963,5
01/06/2015;2939;2965,5
02/06/2015;2940;2967,5
03/06/2015;2941;2969,5
04/06/2015;2942;2971,5
05/06/2015;2944;2973
06/06/2015;2946;2975,5
07/06/2015;2948;2977,5
08/06/2015;2950;2979
09/06/2015;2951;2981
10/06/2015;2953;2982,5
11/06/2015;2955;2985
12/06/2015;2957;2985,5
13/06/2015;2959;2986,5
14/06/2015;2960;2987
15/06/2015;2961;2987
16/06/2015;2961;2988
17/06/2015;2961;2988,5
18/06/2015;2961;2988,5
19/06/2015;2960;2989,5
20/06/2015;2961;2990
21/06/2015;2962;2991
22/06/2015;2964;2992
23/06/2015;2965;2992
24/06/2015;2965;2993
25/06/2015;2965;2993
26/06/2015;2965;2993,5
27/06/2015;2965;2993
28/06/2015;2965;2993
29/06/2015;2966;2992,5
30/06/2015;2965;2991,5
01/07/2015;2964;2990,5
02/07/2015;2962;2990
03/07/2015;2960;2988,5
04/07/2015;2959;2987,5
05/07/2015;2958;2985,5
06/07/2015;2956;2984
07/07/2015;2954;2983
08/07/2015;2953;2981,5
09/07/2015;2952;2980,5
10/07/2015;2950;2978,5
11/07/2015;2948;2975,5
12/07/2015;2946;2974,5
13/07/2015;2943;2972,5
14/07/2015;2941;2970,5
15/07/2015;2939;2968
16/07/2015;2938;2964,5
17/07/2015;2935;2963,5
18/07/2015;2933;2961
19/07/2015;2931;2958,5
20/07/2015;2928;2955,5
21/07/2015;2925;2953
22/07/2015;2923;2950,5
23/07/2015;2921;2948,5
24/07/2015;2919;2946,5
25/07/2015;2916;2943,5
26/07/2015;2913;2940
27/07/2015;2909;2937,5
28/07/2015;2906;2934,5
29/07/2015;2903;2931
30/07/2015;2899;2927
31/07/2015;2897;2924,5
01/08/2015;2895;2922
02/08/2015;2892;2919
03/08/2015;2889;2916
04/08/2015;2884;2912
05/08/2015;2880;2909
06/08/2015;2877;2906
07/08/2015;2873;2902
08/08/2015;2869;2898
09/08/2015;2865;2893
10/08/2015;2860;2889
11/08/2015;2856;2884
12/08/2015;2851;2878
13/08/2015;2846;2873
14/08/2015;2841;2868,5
15/08/2015;2836;2863
16/08/2015;2830;2857,5
17/08/2015;2824;2851
18/08/2015;2817;2844,5
19/08/2015;2811;2838,5
20/08/2015;2807;2833
21/08/2015;2800;2826
22/08/2015;2794;2818,5
23/08/2015;2787;2812,5
24/08/2015;2780;2803,5
25/08/2015;2772;2797
26/08/2015;2764;2791
27/08/2015;2759;2783,5
28/08/2015;2752;2775,5
29/08/2015;2745;2768,5
30/08/2015;2745;2761,5
31/08/2015;2730;2755,5
01/09/2015;2722;2747,5
02/09/2015;2713;2739
03/09/2015;2707;2731
04/09/2015;2699;2724
05/09/2015;2691;2715
06/09/2015;2683;2706
07/09/2015;2674;2699
08/09/2015;2665;2689,5
09/09/2015;2655;2679
10/09/2015;2644;2668,5
11/09/2015;2634;2659
12/09/2015;2624;2649
13/09/2015;2613;2638
14/09/2015;2602;2626,5
15/09/2015;2590;2616
16/09/2015;2579;2604,5
17/09/2015;2567;2591,5
18/09/2015;2554;2580,5
19/09/2015;2542;2567
20/09/2015;2529;2553
21/09/2015;2516;2539,5
22/09/2015;2501;2524
23/09/2015;2485;2508,5
24/09/2015;2468;2492
25/09/2015;2451;2474
26/09/2015;2432;2456
27/09/2015;2413;2436
28/09/2015;2393;2415
29/09/2015;2373;2397
30/09/2015;2351;2370
01/10/2015;2333;2346,5
02/10/2015;2300;2319
03/10/2015;2270;2291
04/10/2015;2239;2262
05/10/2015;2206;2228
06/10/2015;2173;2199
07/10/2015;2141;2164,5
08/10/2015;2106;2127
09/10/2015;2070;2092
10/10/2015;2032;2056
11/10/2015;1992;2023
12/10/2015;1958;1980,5
13/10/2015;1926;1944,5
14/10/2015;1891;1909,5
15/10/2015;1854;1874,5
16/10/2015;1821;1839,5
17/10/2015;1786;1809,5
18/10/2015;1758;1780,5
19/10/2015;1730;1750,5
20/10/2015;1707;1725,5
21/10/2015;1684;1703
22/10/2015;1662;1683
23/10/2015;1644;1666
24/10/2015;1624;1648
25/10/2015;1611;1637
26/10/2015;1599;1634
27/10/2015;1595;1623
28/10/2015;1592;1620
29/10/2015;1595;1623,5
30/10/2015;1599;1631
31/10/2015;1603;1634
01/11/2015;1607;1640
02/11/2015;1612;1646
03/11/2015;1617;1654
04/11/2015;1625;1660
05/11/2015;1635;1665,5
06/11/2015;1647;1673
07/11/2015;1654;1679
08/11/2015;1660;1683,5
09/11/2015;1668;1685,5
10/11/2015;1670;1686
11/11/2015;1671;1686
12/11/2015;1672;1686
13/11/2015;1673;1684
14/11/2015;1671;1682
15/11/2015;1668;1680
16/11/2015;1665;1679
17/11/2015;1661;1678
18/11/2015;1661;1678
19/11/2015;1661;1677,5
20/11/2015;1662;1677,5
21/11/2015;1662;1675,5
22/11/2015;1661;1676
23/11/2015;1661;1677
24/11/2015;1662;1679
25/11/2015;1663;1680,5
26/11/2015;1664;1685,5
27/11/2015;1666;1690,5
28/11/2015;1669;1695
29/11/2015;1673;1701,5
30/11/2015;1677;1707,5
01/12/2015;1682;1713
02/12/2015;1689;1718,5
03/12/2015;1696;1723,5
04/12/2015;1701;1728,5
05/12/2015;1705;1734
06/12/2015;1710;1738
07/12/2015;1715;1742
08/12/2015;1719;1746
09/12/2015;1722;1748
10/12/2015;1724;1749,5
11/12/2015;1726;1749,5
12/12/2015;1727;1750,5
13/12/2015;1727;1751
14/12/2015;1727;1751,5
15/12/2015;1728;1751
16/12/2015;1728;1751
17/12/2015;1728;1751
18/12/2015;1729;1752,5
19/12/2015;1729;1752,5
20/12/2015;1728;1753,5
21/12/2015;1727;1753
22/12/2015;1726;1757
23/12/2015;1727;1758,5
24/12/2015;1728;1759
25/12/2015;1729;1759,5
26/12/2015;1730;1762,5
27/12/2015;1730;1765
28/12/2015;1730;1769,5
29/12/2015;1735;1773,5
30/12/2015;1741;1777,5
31/12/2015;1747;1781,5
01/01/2016;1754;1787
02/01/2016;1762;1788,5
03/01/2016;1772;1790,5
04/01/2016;1780;1811,5
05/01/2016;1791;1823
06/01/2016;1800;1831
07/01/2016;1812;1842
08/01/2016;1824;1853
09/01/2016;1835;1865
10/01/2016;1846;1876,5
11/01/2016;1858;1887
12/01/2016;1871;1901
13/01/2016;1882;1911,5
14/01/2016;1892;1923
15/01/2016;1904;1934
16/01/2016;1914;1943,5
17/01/2016;1924;1953,5
18/01/2016;1935;1962,5
19/01/2016;1945;1972
20/01/2016;1952;1979,5
21/01/2016;1961;1988
22/01/2016;1973;1996,5
23/01/2016;1981;2001,5
24/01/2016;1989;2006,5
25/01/2016;1998;2011,5
26/01/2016;2004;2016
27/01/2016;2008;2018,5
28/01/2016;2011;2021,5
29/01/2016;2012;2023
30/01/2016;2013;2024
31/01/2016;2013;2024
01/02/2016;2013;2024
02/02/2016;2014;2022
03/02/2016;2014;2022
04/02/2016;2013;2019
05/02/2016;2010;2015
06/02/2016;2007;2013
07/02/2016;2005;2009,5
08/02/2016;2003;2005,5
09/02/2016;2000;2003
10/02/2016;1997;2000
11/02/2016;1995;1998,5
12/02/2016;1991;1997
13/02/2016;1987;1994
14/02/2016;1983;1990,5
15/02/2016;1978;1988
16/02/2016;1974;1983,5
17/02/2016;1970;1981,5
18/02/2016;1968;1980
19/02/2016;1968;1979,5
20/02/2016;1968;1977,5
21/02/2016;1967;1976,5
22/02/2016;1966;1977
23/02/2016;1963;1977,5
24/02/2016;1961;1982
25/02/2016;1963;1986
26/02/2016;1965;1992,5
27/02/2016;1971;2000,5
28/02/2016;1977;2007
29/02/2016;1984;2015
01/03/2016;1994;2024,5
02/03/2016;2003;2033,5
03/03/2016;2016;2042,5
04/03/2016;2024;2055,5
05/03/2016;2032;2066
06/03/2016;2040;2076,5
07/03/2016;2049;2092,5
08/03/2016;2065;2110
09/03/2016;2085;2122
10/03/2016;2104;2134
11/03/2016;2119;2147,5
12/03/2016;2134;2160,5
13/03/2016;2147;2177
14/03/2016;2159;2189
15/03/2016;2173;2200,5
16/03/2016;2184;2211,5
17/03/2016;2195;2222
18/03/2016;2206;2235
19/03/2016;2216;2242,5
20/03/2016;2226;2252
21/03/2016;2235;2265,5
22/03/2016;2243;2272,5
23/03/2016;2255;2281,5
24/03/2016;2264;2291
25/03/2016;2274;2300
26/03/2016;2283;2309
27/03/2016;2291;2318
28/03/2016;2299;2327
29/03/2016;2310;2338
30/03/2016;2322;2348
31/03/2016;2330;2357
01/04/2016;2338;2366,5
02/04/2016;2349;2376,5
03/04/2016;2356;2383,5
04/04/2016;2366;2393
05/04/2016;2374;2401,5
06/04/2016;2382;2411
07/04/2016;2388;2417
08/04/2016;2394;2420,5
09/04/2016;2401;2427
10/04/2016;2410;2433,5
11/04/2016;2413;2440
12/04/2016;2422;2450,5
13/04/2016;2433;2459
14/04/2016;2441;2467
15/04/2016;2448;2473
16/04/2016;2454;2479
17/04/2016;2459;2485
18/04/2016;2464;2491
19/04/2016;2471;2498,5
20/04/2016;2479;2506
21/04/2016;2486;2514,5
22/04/2016;2493;2520
23/04/2016;2500;2527
24/04/2016;2506;2532,5
25/04/2016;2512;2538,5
26/04/2016;2521;2545
27/04/2016;2526;2551,5
28/04/2016;2530;2559
29/04/2016;2537;2566
30/04/2016;2544;2573,5
01/10/2016;1929;1955,5
02/10/2016;1917;1941
03/10/2016;1905;1930,5
04/10/2016;1894;1920
05/10/2016;1884;1912
06/10/2016;1874;1903,5
07/10/2016;1865;1895
08/10/2016;1859;1887
09/10/2016;1854;1880
10/10/2016;1849;1876
11/10/2016;1843;1870,5
12/10/2016;1838;1865
13/10/2016;1834;1861
14/10/2016;1830;1857,5
15/10/2016;1826;1853,5
16/10/2016;1822;1846,5
17/10/2016;1819;1848
18/10/2016;1817;1848
19/10/2016;1816;1846,5
20/10/2016;1816;1846
21/10/2016;1816;1844,5
22/10/2016;1816;1845
23/10/2016;1816;1846
24/10/2016;1817;1846
25/10/2016;1818;1847
26/10/2016;1819;1848
27/10/2016;1820;1848
28/10/2016;1820;1849,5
29/10/2016;1822;1853
30/10/2016;1825;1854
31/10/2016;1828;1857
01/11/2016;1831;1859
02/11/2016;1832;1858
03/11/2016;1832;1858
04/11/2016;1832;1858
05/11/2016;1832;1858
06/11/2016;1831;1858
07/11/2016;1830;1855,5
08/11/2016;1829;1853,5
09/11/2016;1827;1851,5
10/11/2016;1825;1849,5
11/11/2016;1825;1846,5
12/11/2016;1822;1843
13/11/2016;1819;1838,5
14/11/2016;1815;1834
15/11/2016;1812;1830
16/11/2016;1810;1827
17/11/2016;1805;1823
18/11/2016;1799;1821
19/11/2016;1793;1820
20/11/2016;1788;1819
21/11/2016;1783;1818,5
22/11/2016;1783;1818
23/11/2016;1782;1814,5
24/11/2016;1782;1813
25/11/2016;1782;1813,5
26/11/2016;1782;1813,5
27/11/2016;1782;1809,5
28/11/2016;1782;1807,5
29/11/2016;1780;1804,5
30/11/2016;1778;1801
01/12/2016;1774;1799
02/12/2016;1771;1795
03/12/2016;1768;1792,5
04/12/2016;1765;1785,5
05/12/2016;1761;1780
06/12/2016;1754;1775
07/12/2016;1745;1770,5
08/12/2016;1739;1765
09/12/2016;1734;1761,5
10/12/2016;1729;1757,5
16/12/2016;1721;1756
17/12/2016;1722;1763,5
18/12/2016;1724;1773,5
24/12/2016;1787;1853
25/12/2016;1800;1873,5
26/12/2016;1818;1891
27/12/2016;1837;1911
28/12/2016;1860;1932,5
29/12/2016;1881;1950
30/12/2016;1901;1967
31/12/2016;1922;1988
01/01/2017;1944;2009
02/01/2017;1966;2029
03/01/2017;1992;2046,5
04/01/2017;2007;2060
05/01/2017;2025;2074
06/01/2017;2046;2098,5
07/01/2017;2053;2112,5
08/01/2017;2069;2127,5
09/01/2017;2085;2143,5
10/01/2017;2104;2157
11/01/2017;2125;2160
12/01/2017;2142;2181
13/01/2017;2157;2202,5
14/01/2017;2172;2217
15/01/2017;2187;2231,5
16/01/2017;2201;2243,5
17/01/2017;2216;2258
18/01/2017;2233;2273
19/01/2017;2248;2288,5
20/01/2017;2263;2303
21/01/2017;2276;2314
22/01/2017;2291;2327,5
23/01/2017;2306;2344,5
24/01/2017;2318;2355
25/01/2017;2329;2366,5
26/01/2017;2339;2375
27/01/2017;2351;2387,5
28/01/2017;2363;2396,5
29/01/2017;2375;2407,5
30/01/2017;2386;2417
31/01/2017;2395;2427,5
01/02/2017;2404;2437,5
02/02/2017;2415;2446
03/02/2017;2424;2454
04/02/2017;2433;2464
05/02/2017;2442;2472
06/02/2017;2450;2480
07/02/2017;2457;2486,5
08/02/2017;2463;2493
09/02/2017;2470;2502,5
10/02/2017;2477;2508
11/02/2017;2482;2513
12/02/2017;2487;2517
13/02/2017;2491;2521
14/02/2017;2496;2524,5
15/02/2017;2500;2528
16/02/2017;2505;2533
17/02/2017;2509;2537
18/02/2017;2514;2542
19/02/2017;2518;2547
20/02/2017;2522;2552
21/02/2017;2528;2557
22/02/2017;2533;2561,5
23/02/2017;2538;2566
24/02/2017;2542;2569,5
25/02/2017;2548;2578,5
26/02/2017;2553;2583
27/02/2017;2558;2588,5
28/02/2017;2563;2592,5
01/03/2017;2568;2596,5
02/03/2017;2572;2598
03/03/2017;2575;2600,5
04/03/2017;2579;2605
05/03/2017;2583;2610,5
06/03/2017;2586;2615,5
07/03/2017;2591;2622
08/03/2017;2598;2628,5
09/03/2017;2603;2635,5
11/03/2017;2614;2642
12/03/2017;2618;2647
13/03/2017;2622;2652
14/03/2017;2629;2657,5
15/03/2017;2634;2663
16/03/2017;2639;2668,5
17/03/2017;2645;2673
18/03/2017;2652;2678
19/03/2017;2660;2688,5
20/03/2017;2668;2696
21/03/2017;2673;2701
22/03/2017;2679;2706,5
23/03/2017;2684;2711,5
24/03/2017;2688;2717,5
25/03/2017;2694;2725
26/03/2017;2700;2729
27/03/2017;2705;2734,5
28/03/2017;2709;2739
29/03/2017;2713;2744,5
30/03/2017;2719;2753
31/03/2017;2727;2758
01/04/2017;2734;2763
02/04/2017;2741;2769,5
03/04/2017;2747;2774,5
04/04/2017;2751;2779
05/04/2017;2756;2785
06/04/2017;2759;2787,5
07/04/2017;2763;2791
08/04/2017;2767;2794
09/04/2017;2770;2798
10/04/2017;2773;2801
11/04/2017;2777;2803,5
12/04/2017;2780;2805
13/04/2017;2782;2808,5
14/04/2017;2784;2810,5
15/04/2017;2786;2811,5
16/04/2017;2788;2815
17/04/2017;2789;2817
18/04/2017;2791;2819
19/04/2017;2793;2821,5
20/04/2017;2795;2823,5
21/04/2017;2799;2829,5
22/04/2017;2802;2831,5
23/04/2017;2805;2833,5
24/04/2017;2807;2837
25/04/2017;2809;2839
26/04/2017;2812;2842,5
27/04/2017;2816;2845
28/04/2017;2820;2849,5
29/04/2017;2824;2855
30/04/2017;2828;2859,5
01/05/2017;2833;2862
02/05/2017;2838;2866
03/05/2017;2841;2870,5
04/05/2017;2843;2873,5
05/05/2017;2847;2877,5
06/05/2017;2851;2881
07/05/2017;2855;2883,5
08/05/2017;2858;2888
09/05/2017;2862;2890
10/05/2017;2863;2891,5
11/05/2017;2865;2895
12/05/2017;2868;2898
13/05/2017;2871;2900,5
14/05/2017;2874;2904
15/05/2017;2876;2906,5
16/05/2017;2879;2909
17/05/2017;2880;2910,5
18/05/2017;2881;2911,5
19/05/2017;2883;2913,5
20/05/2017;2885;2915,5
21/05/2017;2887;2916,5
22/05/2017;2882;2918,5
23/05/2017;2890;2919,5
24/05/2017;2891;2921
25/05/2017;2891;2922
26/05/2017;2892;2922
27/05/2017;2893;2923
28/05/2017;2894;2923
29/05/2017;2895;2923,5
30/05/2017;2896;2925,5
31/05/2017;2896;2926,5
01/06/2017;2897;2927
02/06/2017;2899;2929,5
03/06/2017;2900;2930
04/06/2017;2900;2929
05/06/2017;2900;2928
06/06/2017;2899;2927
07/06/2017;2898;2927
08/06/2017;2896;2926
09/06/2017;2895;2924,5
10/06/2017;2894;2922,5
11/06/2017;2892;2921,5
12/06/2017;2890;2919
13/06/2017;2889;2917,5
14/06/2017;2887;2916
15/06/2017;2885;2914,5
16/06/2017;2882;2912,5
17/06/2017;2881;2910
18/06/2017;2880;2910
19/06/2017;2878;2907,5
20/06/2017;2875;2905,5
21/06/2017;2872;2903,5
22/06/2017;2870;2903
23/06/2017;2869;2902
24/06/2017;2868;2901,5
25/06/2017;2867;2898,5
26/06/2017;2866;2896,5
27/06/2017;2864;2894,5
28/06/2017;2861;2891
29/06/2017;2859;2889
30/06/2017;2857;2887
01/07/2017;2856;2888
02/07/2017;2855;2887
03/07/2017;2855;2884,5
04/07/2017;2855;2884
05/07/2017;2852;2881,5
06/07/2017;2848;2879,5
07/07/2017;2847;2876,5
08/07/2017;2845;2873,5
09/07/2017;2843;2871,5
10/07/2017;2840;2869
11/07/2017;2837;2866
12/07/2017;2834;2863
13/07/2017;2831;2859,5
14/07/2017;2829;2856,5
15/07/2017;2827;2853,5
16/07/2017;2824;2850
18/07/2017;2817;2845
19/07/2017;2812;2840
23/07/2017;2796;2824
24/07/2017;2792;2821,5
25/07/2017;2787;2816
26/07/2017;2782;2811
27/07/2017;2779;2807
28/07/2017;2774;2802,5
29/07/2017;2769;2797
30/07/2017;2763;2791,5
31/07/2017;2757;2784
01/08/2017;2751;2780
02/08/2017;2745;2774
03/08/2017;2740;2766
04/08/2017;2736;2760,5
05/08/2017;2732;2753,5
06/08/2017;2727;2746
07/08/2017;2722;2738,5
08/08/2017;2719;2731
09/08/2017;2717;2723
10/08/2017;2714;2715
11/08/2017;2707;2706
12/08/2017;2692;2697
13/08/2017;2677;2686,5
14/08/2017;2661;2676,5
15/08/2017;2644;2666,5
16/08/2017;2629;2656,5
17/08/2017;2618;2646
18/08/2017;2606;2632
19/08/2017;2593;2619
20/08/2017;2579;2605
21/08/2017;2565;2591
22/08/2017;2552;2576,5
23/08/2017;2536;2560,5
24/08/2017;2519;2546
25/08/2017;2504;2530
26/08/2017;2486;2511
27/08/2017;2468;2490
28/08/2017;2449;2471,5
29/08/2017;2429;2455
30/08/2017;2408;2435
31/08/2017;2383;2415,5
01/09/2017;2361;2390
02/09/2017;2337;2360,5
03/09/2017;2313;2338
04/09/2017;2288;2312
05/09/2017;2264;2285
06/09/2017;2239;2262
07/09/2017;2214;2234
08/09/2017;2188;2211
09/09/2017;2164;2192
10/09/2017;2140;2170
11/09/2017;2117;2144,5
12/09/2017;2092;2117,5
13/09/2017;2069;2100
14/09/2017;2050;2081
15/09/2017;2027;2060
16/09/2017;2011;2047
17/09/2017;1995;2029
18/09/2017;1980;2002,5
19/09/2017;1961;1984,5
20/09/2017;1942;1965,5
21/09/2017;1921;1955
22/09/2017;1902;1931
23/09/2017;1884;1914
09/10/2017;1742;1778
10/10/2017;1742;1779
11/10/2017;1742;1779
12/10/2017;1743;1781,5
13/10/2017;1745;1783
14/10/2017;1748;1784,5
15/10/2017;1751;1787,5
16/10/2017;1755;1790,5
17/10/2017;1759;1792
18/10/2017;1764;1794,5
19/10/2017;1768;1796,5
20/10/2017;1770;1798
21/10/2017;1772;1801
22/10/2017;1773;1801,5
23/10/2017;1774;1802
24/10/2017;1775;1803
25/10/2017;1776;1804
26/10/2017;1777;1805
27/10/2017;1778;1805
28/10/2017;1779;1805
29/10/2017;1779;1805
30/10/2017;1779;1804
31/10/2017;1778;1804,5
01/11/2017;1778;1805
02/11/2017;1779;1806
03/11/2017;1780;1809
04/11/2017;1784;1813
05/11/2017;1789;1818,5
06/11/2017;1794;1824
07/11/2017;1799;1831,5
08/11/2017;1807;1838,5
09/11/2017;1817;1845
10/11/2017;1824;1852,5
11/11/2017;1831;1861
12/11/2017;1839;1869,5
13/11/2017;1847;1876
14/11/2017;1853;1883,5
15/11/2017;1859;1890
16/11/2017;1866;1895
17/11/2017;1871;1900
18/11/2017;1876;1905
19/11/2017;1880;1909
20/11/2017;1883;1913
21/11/2017;1887;1917
22/11/2017;1892;1921
23/11/2017;1896;1925
24/11/2017;1900;1927
25/11/2017;1904;1932
26/11/2017;1909;1938
27/11/2017;1914;1942
28/11/2017;1919;1946
29/11/2017;1923;1950,5
30/11/2017;1927;1951
01/12/2017;1929;1954,5
02/12/2017;1931;1956,5
03/12/2017;1932;1957,5
04/12/2017;1933;1959
05/12/2017;1934;1960,5
06/12/2017;1936;1962
07/12/2017;1938;1962,5
08/12/2017;1931;1964
09/12/2017;1939;1964
10/12/2017;1939;1964
11/12/2017;1939;1965,5
12/12/2017;1940;1967
13/12/2017;1942;1969,5
14/12/2017;1943;1970
15/12/2017;1945;1970,5
16/12/2017;1947;1975
17/12/2017;1949;1978,5
18/12/2017;1952;1982
19/12/2017;1954;1986
20/12/2017;1959;1991
21/12/2017;1969;1998,5
22/12/2017;1976;2003,5
23/12/2017;1983;2010
24/12/2017;1990;2018,5
25/12/2017;1998;2027
26/12/2017;2007;2033,5
27/12/2017;2016;2043,5
28/12/2017;2024;2052,5
29/12/2017;2033;2062,5
30/12/2017;2042;2073
31/12/2017;2051;2082
01/01/2018;2061;2090
02/01/2018;2071;2098,5
03/01/2018;2079;2106,5
04/01/2018;2087;2114
05/01/2018;2096;2125
06/01/2018;2105;2133,5
07/01/2018;2113;2141
08/01/2018;2121;2148,5
09/01/2018;2128;2155,5
10/01/2018;2134;2162
11/01/2018;2141;2168
12/01/2018;2148;2175,5
13/01/2018;2154;2182,5
14/01/2018;2159;2185
15/01/2018;2164;2192
16/01/2018;2170;2198
17/01/2018;2177;2203,5
18/01/2018;2186;2210,5
19/01/2018;2191;2215,5
20/01/2018;2195;2221,5
21/01/2018;2198;2227,5
22/01/2018;2201;2231,5
23/01/2018;2208;2237,5
24/01/2018;2215;2242
25/01/2018;2221;2247
26/01/2018;2226;2254,5
27/01/2018;2233;2259,5
28/01/2018;2238;2266,5
29/01/2018;2245;2271,5
30/01/2018;2250;2278
31/01/2018;2256;2283,5
01/02/2018;2261;2290
02/02/2018;2269;2297,5
03/02/2018;2277;2306
04/02/2018;2284;2313
05/02/2018;2291;2320
06/02/2018;2297;2326
07/02/2018;2304;2332,5
08/02/2018;2310;2334,5
09/02/2018;2315;2343
10/02/2018;2321;2350
11/02/2018;2327;2357
12/02/2018;2334;2365,5
13/02/2018;2342;2371
14/02/2018;2351;2380
15/02/2018;2357;2386
16/02/2018;2362;2393
17/02/2018;2368;2399,5
18/02/2018;2374;2406
19/02/2018;2381;2411
20/02/2018;2389;2417
21/02/2018;2394;2421
22/02/2018;2397;2423
23/02/2018;2401;2427
24/02/2018;2405;2431,5
25/02/2018;2409;2437
26/02/2018;2414;2442
27/02/2018;2419;2447
28/02/2018;2425;2451
01/03/2018;2428;2455
02/03/2018;2434;2458
03/03/2018;2437;2461
04/03/2018;2440;2465
05/03/2018;2442;2467
06/03/2018;2443;2469,5
07/03/2018;2445;2472
08/03/2018;2449;2473,5
09/03/2018;2451;2474,5
10/03/2018;2453;2475,5
11/03/2018;2454;2476
12/03/2018;2455;2475
13/03/2018;2455;2474
14/03/2018;2453;2474
15/03/2018;2451;2474
16/03/2018;2449;2475
17/03/2018;2449;2476,5
18/03/2018;2450;2476,5
19/03/2018;2451;2476
20/03/2018;2451;2474
21/03/2018;2451;2472,5
22/03/2018;2450;2472
23/03/2018;2448;2471,5
24/03/2018;2446;2470,5
25/03/2018;2445;2467
26/03/2018;2444;2466
27/03/2018;2441;2467
28/03/2018;2439;2467
29/03/2018;2441;2468
30/03/2018;2443;2467
31/03/2018;2445;2468,5
01/04/2018;2447;2471
02/04/2018;2448;2472
03/04/2018;2449;2474
04/04/2018;2451;2477
05/04/2018;2454;2483
06/04/2018;2459;2487
07/04/2018;2462;2491
08/04/2018;2466;2496
09/04/2018;2470;2501
10/04/2018;2478;2507
11/04/2018;2487;2515
12/04/2018;2493;2521
13/04/2018;2499;2525
14/04/2018;2505;2531
15/04/2018;2512;2536
16/04/2018;2519;2546
17/04/2018;2526;2554
18/04/2018;2532;2560
19/04/2018;2541;2569
20/04/2018;2548;2576
21/04/2018;2554;2582
22/04/2018;2561;2590
23/04/2018;2568;2597
24/04/2018;2575;2602
25/04/2018;2581;2609
26/04/2018;2586;2615
27/04/2018;2593;2622
28/04/2018;2600;2628
29/04/2018;2607;2635
30/04/2018;2615;2642
01/05/2018;2622;2649,5
02/05/2018;2628;2656,5
03/05/2018;2633;2662,5
04/05/2018;2637;2669
05/05/2018;2644;2676
06/05/2018;2651;2682
07/05/2018;2659;2689,5
08/05/2018;2668;2697,5
09/05/2018;2676;2703,5
10/05/2018;2683;2711
11/05/2018;2689;2717
12/05/2018;2695;2723,5
13/05/2018;2702;2731
14/05/2018;2709;2738,5
15/05/2018;2718;2746
16/05/2018;2724;2751
17/05/2018;2727;2755,5
18/05/2018;2732;2762
19/05/2018;2737;2768
20/05/2018;2742;2772
21/05/2018;2748;2778
22/05/2018;2754;2784
23/05/2018;2759;2789
24/05/2018;2764;2794,5
25/05/2018;2770;2799
26/05/2018;2774;2805,5
27/05/2018;2778;2807,5
28/05/2018;2781;2813
29/05/2018;2786;2817
30/05/2018;2791;2820,5
31/05/2018;2794;2825
01/06/2018;2797;2827,5
02/06/2018;2802;2829,5
03/06/2018;2806;2833
04/06/2018;2810;2836,5
05/06/2018;2812;2837,5
06/06/2018;2813;2839,5
07/06/2018;2814;2841,5
08/06/2018;2816;2845
09/06/2018;2818;2850,5
10/06/2018;2820;2853
11/06/2018;2821;2854
12/06/2018;2822;2854
13/06/2018;2824;2856
14/06/2018;2826;2856,5
15/06/2018;2827;2858
16/06/2018;2828;2858
17/06/2018;2829;2860
18/06/2018;2830;2861,5
19/06/2018;2832;2865
20/06/2018;2834;2865,5
21/06/2018;2836;2867,5
22/06/2018;2837;2868
23/06/2018;2838;2868
24/06/2018;2838;2868
25/06/2018;2838;2868,5
26/06/2018;2838;2868
27/06/2018;2838;2867,5
28/06/2018;2838;2867
29/06/2018;2837;2866
30/06/2018;2835;2865,5
01/07/2018;2834;2865,5
02/07/2018;2832;2864
03/07/2018;2831;2864
04/07/2018;2830;2863
05/07/2018;2829;2862
06/07/2018;2827;2861,5
07/07/2018;2826;2861
08/07/2018;2826;2860
09/07/2018;2826;2860
10/07/2018;2826;2860
11/07/2018;2826;2859,5
12/07/2018;2826;2860
13/07/2018;2825;2858
14/07/2018;2824;2858
15/07/2018;2823;2856
16/07/2018;2821;2854,5
17/07/2018;2819;2853,5
18/07/2018;2818;2852,5
19/07/2018;2817;2850,5
20/07/2018;2815;2847,5
21/07/2018;2813;2845
22/07/2018;2811;2842
23/07/2018;2808;2839,5
24/07/2018;2805;2837
25/07/2018;2801;2833,5
26/07/2018;2796;2829,5
27/07/2018;2793;2828
28/07/2018;2790;2823,5
29/07/2018;2786;2819
30/07/2018;2782;2816
31/07/2018;2779;2813
01/08/2018;2775;2808,5
02/08/2018;2771;2803,5
03/08/2018;2766;2798,5
04/08/2018;2762;2789
05/08/2018;2757;2784,5
06/08/2018;2752;2778,5
08/08/2018;2741;2773,5
09/08/2018;2737;2771
10/08/2018;2732;2766
11/08/2018;2727;2757,5
12/08/2018;2722;2751,5
13/08/2018;2716;2745
14/08/2018;2710;2741,5
15/08/2018;2702;2734,5
16/08/2018;2695;2723
17/08/2018;2687;2722,5
18/08/2018;2683;2716
19/08/2018;2678;2722,5
20/08/2018;2673;2716
21/08/2018;2667;2697
22/08/2018;2661;2692
23/08/2018;2654;2685
24/08/2018;2646;2675,5
25/08/2018;2639;2666
26/08/2018;2641;2658,5
27/08/2018;2625;2650,5
28/08/2018;2615;2640
29/08/2018;2608;2632
30/08/2018;2598;2624,5
31/08/2018;2589;2615,5
01/09/2018;2572;2606
02/09/2018;2564;2596
03/09/2018;2556;2587
04/09/2018;2546;2574
05/09/2018;2536;2565,5
06/09/2018;2525;2555
07/09/2018;2515;2546
08/09/2018;2505;2535,5
09/09/2018;2495;2526
11/09/2018;2476;2504
12/09/2018;2465;2493
13/09/2018;2455;2483
14/09/2018;2446;2474
15/09/2018;2436;2463
16/09/2018;2426;2454
17/09/2018;2415;2442
18/09/2018;2403;2432
19/09/2018;2393;2422
20/09/2018;2381;2410
21/09/2018;2370;2395,5
22/09/2018;2358;2386
23/09/2018;2346;2373
24/09/2018;2333;2360,5
25/09/2018;2321;2345
26/09/2018;2306;2334
27/09/2018;2291;2318
28/09/2018;2277;2304
29/09/2018;2260;2288
30/09/2018;2243;2271
01/10/2018;2225;2253
02/10/2018;2209;2238
03/10/2018;2189;2213,5
04/10/2018;2167;2193
05/10/2018;2144;2172
06/10/2018;2140;2147,5
07/10/2018;2136;2122,5
08/10/2018;2133;2108,5
09/10/2018;2127;2070
10/10/2018;2121;2043,5
11/10/2018;2107;2021
12/10/2018;2081;2000,5
13/10/2018;2055;1968
14/10/2018;2028;1948
15/10/2018;2001;1924
16/10/2018;1977;1901
17/10/2018;1949;1881
18/10/2018;1924;1864
19/10/2018;1899;1842
20/10/2018;1887;1825
21/10/2018;1877;1807
03/11/2018;1711;1724
04/11/2018;1708;1722
05/11/2018;1705;1720,5
06/11/2018;1705;1721
07/11/2018;1705;1721
08/11/2018;1705;1725
09/11/2018;1707;1727,5
10/11/2018;1708;1732
11/11/2018;1710;1736,5
12/11/2018;1712;1740
13/11/2018;1717;1745,5
14/11/2018;1721;1750
15/11/2018;1726;1755
16/11/2018;1732;1763
17/11/2018;1739;1770
18/11/2018;1747;1778,5
19/11/2018;1755;1786
20/11/2018;1763;1793
21/11/2018;1772;1798
22/11/2018;1779;1806
23/11/2018;1788;1815
24/11/2018;1796;1822
25/11/2018;1803;1828,5
26/11/2018;1811;1837,5
27/11/2018;1818;1846
28/11/2018;1827;1859
29/11/2018;1837;1868
30/11/2018;1849;1880
01/12/2018;1861;1891
02/12/2018;1873;1902
03/12/2018;1886;1916,5
04/12/2018;1901;1933
05/12/2018;1917;1948
06/12/2018;1933;1965
07/12/2018;1950;1983
08/12/2018;1968;2001
09/12/2018;1988;2020
10/12/2018;2008;2038
11/12/2018;2029;2056
12/12/2018;2044;2074,5
13/12/2018;2061;2093,5
14/12/2018;2079;2114
15/12/2018;2096;2129,5
16/12/2018;2113;2147
17/12/2018;2129;2160,5
18/12/2018;2141;2172,5
19/12/2018;2155;2189
20/12/2018;2167;2197
21/12/2018;2177;2206,5
22/12/2018;2188;2220
23/12/2018;2198;2227,5
24/12/2018;2208;2236,5
25/12/2018;2218;2246,5
26/12/2018;2227;2256,5
27/12/2018;2236;2264,5
28/12/2018;2244;2273,5
29/12/2018;2251;2282
30/12/2018;2258;2289
31/12/2018;2264;2295,5
01/01/2019;2272;2300,5
02/01/2019;2279;2310
03/01/2019;2288;2316
04/01/2019;2299;2322
05/01/2019;2305;2328
06/01/2019;2310;2336,5
07/01/2019;2315;2340,5
08/01/2019;2321;2347,5
09/01/2019;2329;2352,5
10/01/2019;2335;2364
11/01/2019;2342;2368
12/01/2019;2348;2374
13/01/2019;2354;2379
14/01/2019;2359;2385
15/01/2019;2363;2389
16/01/2019;2369;2393,5
17/01/2019;2376;2398,5
18/01/2019;2381;2401
19/01/2019;2384;2404
20/01/2019;2387;2408,5
21/01/2019;2389;2413
22/01/2019;2392;2426
23/01/2019;2398;2427
24/01/2019;2404;2433
25/01/2019;2408;2433
26/01/2019;2412;2441
27/01/2019;2417;2445
28/01/2019;2422;2448,5
29/01/2019;2426;2452
30/01/2019;2429;2455
31/01/2019;2432;2459
01/02/2019;2436;2464
02/02/2019;2439;2469
03/02/2019;2443;2471,5
04/02/2019;2447;2475
05/02/2019;2451;2479,5
06/02/2019;2456;2484,5
07/02/2019;2460;2488
08/02/2019;2465;2493
09/02/2019;2470;2497
10/02/2019;2476;2504
11/02/2019;2482;2510
12/02/2019;2487;2514,5
13/02/2019;2491;2520,5
14/02/2019;2497;2526
15/02/2019;2502;2530,5
16/02/2019;2507;2535
17/02/2019;2512;2539
18/02/2019;2516;2543
19/02/2019;2522;2544
20/02/2019;2524;2550,5
21/02/2019;2526;2557
22/02/2019;2530;2561,5
23/02/2019;2536;2567
24/02/2019;2542;2570,5
25/02/2019;2547;2577
26/02/2019;2551;2580
27/02/2019;2555;2581,5
28/02/2019;2558;2585,5
01/03/2019;2561;2589
02/03/2019;2564;2591,5
03/03/2019;2567;2594
04/03/2019;2569;2595,5
05/03/2019;2570;2597
06/03/2019;2571;2597
07/03/2019;2571;2597
08/03/2019;2572;2597,5
09/03/2019;2573;2599
10/03/2019;2574;2599,5
11/03/2019;2576;2602
12/03/2019;2577;2604,5
13/03/2019;2579;2606
14/03/2019;2581;2607
15/03/2019;2581;2609,5
16/03/2019;2583;2611
17/03/2019;2585;2613,5
18/03/2019;2588;2615,5
19/03/2019;2590;2617
20/03/2019;2591;2620,5
21/03/2019;2591;2620
22/03/2019;2596;2624
23/03/2019;2599;2625
24/03/2019;2602;2629
25/03/2019;2604;2631,5
26/03/2019;2607;2634
27/03/2019;2608;2636
28/03/2019;2610;2637,5
29/03/2019;2612;2644
30/03/2019;2616;2653
31/03/2019;2621;2656
01/04/2019;2626;2658,5
02/04/2019;2630;2660
03/04/2019;2634;2662
04/04/2019;2637;2666
05/04/2019;2638;2666
06/04/2019;2641;2668
07/04/2019;2644;2672
08/04/2019;2648;2676
09/04/2019;2651;2682
10/04/2019;2656;2684
11/04/2019;2662;2686,5
12/04/2019;2666;2693,5
13/04/2019;2670;2696
14/04/2019;2673;2699,5
15/04/2019;2676;2705,5
16/04/2019;2680;2711
17/04/2019;2685;2714,5
18/04/2019;2689;2719
19/04/2019;2693;2723
20/04/2019;2698;2726,5
21/04/2019;2703;2731
22/04/2019;2709;2737
23/04/2019;2714;2740
24/04/2019;2720;2745
25/04/2019;2723;2749,5
26/04/2019;2726;2754,5
27/04/2019;2731;2761,5
28/04/2019;2736;2766
29/04/2019;2740;2770,5
30/04/2019;2742;2775,5
01/05/2019;2753;2778
02/05/2019;2758;2784
03/05/2019;2761;2788
04/05/2019;2765;2794
05/05/2019;2769;2798
06/05/2019;2774;2803
07/05/2019;2780;2806
08/05/2019;2784;2810
09/05/2019;2789;2814
10/05/2019;2792;2819
11/05/2019;2796;2824
12/05/2019;2801;2828
13/05/2019;2806;2833
14/05/2019;2810;2836
15/05/2019;2818;2848
16/05/2019;2823;2855
17/05/2019;2828;2856
18/05/2019;2833;2861
19/05/2019;2838;2867
20/05/2019;2844;2872
21/05/2019;2851;2880
22/05/2019;2857;2884
23/05/2019;2861;2891
24/05/2019;2866;2895
25/05/2019;2871;2900
26/05/2019;2875;2904
27/05/2019;2879;2910
28/05/2019;2882;2914
29/05/2019;2886;2917
30/05/2019;2890;2922
31/05/2019;2893;2928
01/06/2019;2897;2932
02/06/2019;2902;2935
03/06/2019;2907;2939
04/06/2019;2911;2942,5
05/06/2019;2914;2945,5
06/06/2019;2917;2949
07/06/2019;2919;2951,5
08/06/2019;2922;2954
09/06/2019;2925;2957
10/06/2019;2927;2959
11/06/2019;2929;2961
12/06/2019;2930;2963
13/06/2019;2931;2965,5
14/06/2019;2934;2967
15/06/2019;2936;2968,5
16/06/2019;2938;2970
17/06/2019;2939;2971,5
18/06/2019;2940;2972
19/06/2019;2940;2972
20/06/2019;2940;2972
21/06/2019;2941;2972
22/06/2019;2942;2972
23/06/2019;2942;2972
24/06/2019;2942;2972
25/06/2019;2942;2971,5
26/06/2019;2941;2970
27/06/2019;2938;2968
28/06/2019;2936;2967
29/06/2019;2934;2965,5
30/06/2019;2932;2964
01/07/2019;2931;2963
02/07/2019;2929;2961
03/07/2019;2928;2961
04/07/2019;2926;2957,5
05/07/2019;2924;2955,5
06/07/2019;2922;2954
07/07/2019;2920;2950,5
08/07/2019;2917;2949,5
09/07/2019;2916;2948
10/07/2019;2915;2946
11/07/2019;2912;2944
12/07/2019;2910;2942
13/07/2019;2908;2940,5
14/07/2019;2905;2936
15/07/2019;2902;2935,5
16/07/2019;2899;2929
17/07/2019;2895;2927
18/07/2019;2891;2923
19/07/2019;2888;2921,5
20/07/2019;2886;2917,5
21/07/2019;2883;2915
22/07/2019;2880;2911
23/07/2019;2875;2905
24/07/2019;2870;2901,5
25/07/2019;2866;2897
26/07/2019;2861;2892,5
27/07/2019;2856;2887
28/07/2019;2851;2882,5
29/07/2019;2845;2877
30/07/2019;2840;2871,5
31/07/2019;2834;2867
01/08/2019;2830;2862
02/08/2019;2825;2854
03/08/2019;2820;2849
04/08/2019;2815;2843
05/08/2019;2809;2837
06/08/2019;2802;2833
07/08/2019;2796;2827
08/08/2019;2790;2822
09/08/2019;2784;2816,5
10/08/2019;2780;2810,5
11/08/2019;2776;2806
12/08/2019;2771;2799
13/08/2019;2765;2794
14/08/2019;2758;2788
15/08/2019;2751;2784
16/08/2019;2744;2780
17/08/2019;2739;2771,5
18/08/2019;2734;2767
19/08/2019;2730;2760
20/08/2019;2724;2753,5
21/08/2019;2719;2746,5
22/08/2019;2716;2741
23/08/2019;2714;2733,5
24/08/2019;2707;2727
25/08/2019;2700;2718
26/08/2019;2692;2711,5
27/08/2019;2683;2703
28/08/2019;2672;2697
29/08/2019;2662;2686,5
30/08/2019;2651;2678,5
31/08/2019;2641;2670
01/09/2019;2631;2661
02/09/2019;2622;2652
03/09/2019;2615;2642
04/09/2019;2607;2631
05/09/2019;2598;2623
06/09/2019;2588;2612
07/09/2019;2576;2598
08/09/2019;2564;2591
09/09/2019;2551;2577
10/09/2019;2536;2563
11/09/2019;2521;2550
12/09/2019;2505;2536
13/09/2019;2487;2523
14/09/2019;2475;2507
15/09/2019;2462;2490
16/09/2019;2449;2472
17/09/2019;2433;2454
18/09/2019;2413;2436
19/09/2019;2391;2417
20/09/2019;2371;2396
21/09/2019;2350;2376
22/09/2019;2328;2354
23/09/2019;2306;2337
24/09/2019;2284;2309
25/09/2019;2266;2286
26/09/2019;2246;2263
27/09/2019;2224;2244
28/09/2019;2201;2218
29/09/2019;2178;2193
30/09/2019;2154;2171
01/10/2019;2129;2149,5
02/10/2019;2102;2125
03/10/2019;2078;2101
04/10/2019;2056;2080,5
05/10/2019;2039;2060,5
06/10/2019;2023;2041
07/10/2019;2007;2021
08/10/2019;1984;2001
09/10/2019;1960;1983
10/10/2019;1943;1970
11/10/2019;1929;1953
12/10/2019;1916;1941
13/10/2019;1903;1929
14/10/2019;1891;1915
15/10/2019;1883;1904
16/10/2019;1874;1895
17/10/2019;1866;1884
18/10/2019;1854;1875
19/10/2019;1845;1868
20/10/2019;1837;1860
21/10/2019;1829;1857,5
22/10/2019;1822;1854,5
23/10/2019;1817;1851,5
24/10/2019;1811;1851,5
25/10/2019;1806;1854,5
26/10/2019;1808;1856
27/10/2019;1811;1860,5
28/10/2019;1814;1865
29/10/2019;1820;1869
30/10/2019;1832;1875
31/10/2019;1847;1880,5
01/11/2019;1857;1886
02/11/2019;1863;1892,5
03/11/2019;1868;1898,5
04/11/2019;1872;1902,5
05/11/2019;1877;1907,5
06/11/2019;1882;1911
07/11/2019;1887;1915,5
08/11/2019;1891;1916,5
09/11/2019;1895;1922
10/11/2019;1898;1926,5
11/11/2019;1901;1928,5
12/11/2019;1907;1933,5
13/11/2019;1916;1937,5
14/11/2019;1920;1944
15/11/2019;1924;1949
16/11/2019;1928;1954
17/11/2019;1933;1959
18/11/2019;1939;1966,5
19/11/2019;1943;1972
20/11/2019;1948;1977,5
21/11/2019;1954;1983
22/11/2019;1963;1991
23/11/2019;1971;1999
24/11/2019;1980;2008
25/11/2019;1989;2016
26/11/2019;1996;2027
27/11/2019;2005;2037,5
28/11/2019;2017;2048,5
29/11/2019;2031;2060,5
30/11/2019;2042;2072
01/12/2019;2052;2079
02/12/2019;2062;2091,5
03/12/2019;2077;2101
04/12/2019;2090;2109,5
05/12/2019;2101;2115,5
06/12/2019;2114;2122,5
07/12/2019;2118;2129
08/12/2019;2122;2134,5
09/12/2019;2127;2139,5
10/12/2019;2131;2142,5
11/12/2019;2134;2147
12/12/2019;2138;2152
13/12/2019;2142;2158,5
14/12/2019;2145;2163,5
15/12/2019;2148;2169
16/12/2019;2152;2176
17/12/2019;2155;2182
18/12/2019;2160;2187,5
19/12/2019;2167;2196,5
20/12/2019;2172;2201
21/12/2019;2180;2211
22/12/2019;2189;2220
23/12/2019;2198;2229,5
24/12/2019;2204;2238,5
25/12/2019;2214;2250
26/12/2019;2225;2259,5
27/12/2019;2238;2267
28/12/2019;2247;2277,5
29/12/2019;2256;2286
30/12/2019;2266;2298
31/12/2019;2276;2305
01/01/2020;2287;2313
02/01/2020;2299;2321,5
03/01/2020;2306;2330
04/01/2020;2312;2336
05/01/2020;2318;2346
06/01/2020;2325;2352
07/01/2020;2332;2359
08/01/2020;2338;2368
09/01/2020;2343;2376
10/01/2020;2350;2382
11/01/2020;2356;2388
12/01/2020;2363;2395
13/01/2020;2370;2398,5
14/01/2020;2378;2403
15/01/2020;2386;2407
16/01/2020;2395;2412
17/01/2020;2406;2416
18/01/2020;2409;2419
19/01/2020;2412;2422
20/01/2020;2416;2425
21/01/2020;2420;2429
22/01/2020;2426;2430
23/01/2020;2432;2430,5
24/01/2020;2436;2431
25/01/2020;2440;2434
26/01/2020;2443;2437,5
27/01/2020;2446;2437,5
28/01/2020;2451;2438,5
29/01/2020;2453;2441
30/01/2020;2454;2442,5
31/01/2020;2455;2443
01/02/2020;2456;
02/02/2020;2457;
03/02/2020;2459;
04/02/2020;2460;
05/02/2020;2461;
06/02/2020;2462;
07/02/2020;2462;
08/02/2020;2462;
09/02/2020;2461;
10/02/2020;2459;
11/02/2020;2456;
12/02/2020;2454;
13/02/2020;2454;
14/02/2020;2455;
15/02/2020;2456;
16/02/2020;2458;
17/02/2020;2460;
18/02/2020;2461;
19/02/2020;2461;
20/02/2020;2461;
21/02/2020;2459;
22/02/2020;2457;
23/02/2020;2455;
24/02/2020;2454;
25/02/2020;2453;
26/02/2020;2452;
27/02/2020;2452;
28/02/2020;2454;
29/02/2020;2455;
01/03/2020;2455;
02/03/2020;2455;
03/03/2020;2456;
04/03/2020;2458;
05/03/2020;2460;
06/03/2020;2460;
07/03/2020;2460;
08/03/2020;2461;
09/03/2020;2463;
10/03/2020;2465;
11/03/2020;2467;
12/03/2020;2468;
13/03/2020;2469;
14/03/2020;2471;
15/03/2020;2474;
16/03/2020;2477;
17/03/2020;2480;
18/03/2020;2484;
19/03/2020;2487;
20/03/2020;2492;
21/03/2020;2496;
22/03/2020;2500;
23/03/2020;2505;
24/03/2020;2508;
25/03/2020;2510;
26/03/2020;2512;
27/03/2020;2513;
28/03/2020;2514;
29/03/2020;2516;
30/03/2020;2518;
31/03/2020;2522;
01/04/2020;2527;
02/04/2020;2534;
03/04/2020;2539;
04/04/2020;2541;
05/04/2020;2541;
06/04/2020;2541;
07/04/2020;2542;
08/04/2020;2543;
09/04/2020;2548;
10/04/2020;2553;
11/04/2020;2559;
12/04/2020;2566;
13/04/2020;2573;
14/04/2020;2577;
15/04/2020;2583;
16/04/2020;2588;
17/04/2020;2595;
18/04/2020;2602;
19/04/2020;2608;
20/04/2020;2614;
21/04/2020;2620;
22/04/2020;2625;
23/04/2020;2631;
24/04/2020;2636;
25/04/2020;2642;
26/04/2020;2649;
27/04/2020;2656;
28/04/2020;2663;
29/04/2020;2668;
30/04/2020;2672;
01/05/2020;2677;
02/05/2020;2682;
03/05/2020;2688;
04/05/2020;2695;
05/05/2020;2703;
06/05/2020;2708;
07/05/2020;2712;
08/05/2020;2719;
09/05/2020;2724;
10/05/2020;2728;
11/05/2020;2732;
12/05/2020;2736;
13/05/2020;2742;
14/05/2020;2747;
15/05/2020;2753;
16/05/2020;2759;
17/05/2020;2764;
18/05/2020;2768;
19/05/2020;2773;
20/05/2020;2779;
21/05/2020;2783;
22/05/2020;2787;
23/05/2020;2792;
24/05/2020;2797;
25/05/2020;2803;
26/05/2020;2807;
27/05/2020;2811;
28/05/2020;2817;
29/05/2020;2820;
30/05/2020;2823;
31/05/2020;2826;
01/06/2020;2828;
02/06/2020;2831;
03/06/2020;2833;
04/06/2020;2835;
05/06/2020;2838;
06/06/2020;2841;
07/06/2020;2844;
08/06/2020;2846;
09/06/2020;2847;
10/06/2020;2848;
11/06/2020;2849;
12/06/2020;2849;
13/06/2020;2849;
14/06/2020;2850;
15/06/2020;2851;
16/06/2020;2851;
17/06/2020;2851;
18/06/2020;2852;
19/06/2020;2852;
20/06/2020;2852;
21/06/2020;2851;
22/06/2020;2849;
23/06/2020;2847;
24/06/2020;2846;
25/06/2020;2845;
26/06/2020;2844;
27/06/2020;2843;
28/06/2020;2842;
29/06/2020;2840;
30/06/2020;2839;
01/07/2020;2838;
02/07/2020;2837;
03/07/2020;2835;
04/07/2020;2833;
05/07/2020;2832;
06/07/2020;2832;
07/07/2020;2832;
08/07/2020;2831;
09/07/2020;2830;
10/07/2020;2828;
11/07/2020;2826;
12/07/2020;2825;
13/07/2020;2824;
14/07/2020;2823;
15/07/2020;2820;
16/07/2020;2817;
17/07/2020;2815;
